{
    "rmse": 0.67745208488645,
    "mse": 0.45894132731699794,
    "score": 0.27836577331341983
}