{
    "rmse": 0.7202586389546436,
    "mse": 0.5187725069887956,
    "score": 0.20673954357766633
}