{
    "rmse": 0.6790906100442551,
    "mse": 0.46116405665027854,
    "score": 0.2609254270599326
}